{
    "splits": [
        "The Crystal Veins",
        "Daresso's Dream"
    ],
    "times": {
        "The Crystal Veins": 22.759284019470215,
        "Daresso's Dream": 27.29761052131653
    }
}